arno|Arno@ag866.com|active|admin
sa|sa@ag866.com|active|public
vincent|vincent@ag866.com|inactive|
jeffery|jeffery@ag866.com|inactive|
ali|ali@ag866.com|inactive|
will|will@ag866.com|inactive|
felix|felix@ag866.com|inactive|
johnny|johnny@ag866.com|inactive|
jalen|jalen@ag866.com|inactive|

